object_id,water_condition,lift_speed,placement_variant,sample_count,object_count,reference_force_mean,reference_force_std,reference_force_median,reference_force_min,reference_force_max,reference_force_range
OBJ012,clear,normal,normal,2,1,-894.4730834960938,184.94752476610708,-894.4730834960938,-1025.250732421875,-763.6954345703125,261.5552978515625
OBJ012,turbid,normal,normal,2,1,-908.794189453125,63.24048167443984,-908.794189453125,-953.511962890625,-864.076416015625,89.435546875
